exp_id,run_time,product,prep_scaling,prep_feature_selection,prep_imbalance,prep_outlier,prep_drop_constant,prep_fit_on_unlabeled,prep_json,model,semi_supervised,pos_label,cv_scoring,cv_score,cv_folds,search,best_params,n_features,selected_features,n_train_labeled,n_unlabeled,n_test,fit_seconds,accuracy,recall,precision,f1,roc_auc,pr_auc,tn,fp,fn,tp,process_type
20260930-154100-cn7-svc-none-021170,2026-09-30 15:41:01,cn7,standard,none,class_weight,none,True,True,"{""scaling"": ""standard"", ""feature_selection"": null, ""imbalance"": ""class_weight"", ""drop_constant"": true, ""impute"": ""median"", ""outlier"": null, ""fit_on_unlabeled"": true, ""k_best"": 15, ""kbest_score"": ""f_classif"", ""corr_threshold"": 0.95, ""model_threshold"": ""median"", ""outlier_iqr_k"": 1.5, ""outlier_quantile"": [0.01, 0.99], ""smote_k_neighbors"": 5, ""smote_sampling_strategy"": ""auto"", ""random_state"": 42}",svc,none,1,f1,0.3333333333333333,5,random,"{""kernel"": ""rbf"", ""gamma"": 0.01, ""C"": 100}",23,Injection_Time;Filling_Time;Plasticizing_Time;Cycle_Time;Clamp_Close_Time;Cushion_Position;Plasticizing_Position;Max_Injection_Speed;Max_Screw_RPM;Average_Screw_RPM;Max_Injection_Pressure;Max_Switch_Over_Pressure;Max_Back_Pressure;Average_Back_Pressure;Barrel_Temperature_1;Barrel_Temperature_2;Barrel_Temperature_3;Barrel_Temperature_4;Barrel_Temperature_5;Barrel_Temperature_6;Hopper_Temperature;Mold_Temperature_3;Mold_Temperature_4,847,35239,364,0.3371598720550537,0.9862637362637364,0.4,0.5,0.4444444444444444,0.932033426183844,0.460888106053583,357,2,3,2,
20260930-154231-rg3-svc-none-021170,2026-09-30 15:42:32,rg3,standard,none,class_weight,none,True,True,"{""scaling"": ""standard"", ""feature_selection"": null, ""imbalance"": ""class_weight"", ""drop_constant"": true, ""impute"": ""median"", ""outlier"": null, ""fit_on_unlabeled"": true, ""k_best"": 15, ""kbest_score"": ""f_classif"", ""corr_threshold"": 0.95, ""model_threshold"": ""median"", ""outlier_iqr_k"": 1.5, ""outlier_quantile"": [0.01, 0.99], ""smote_k_neighbors"": 5, ""smote_sampling_strategy"": ""auto"", ""random_state"": 42}",svc,none,1,f1,0.08,5,random,"{""kernel"": ""rbf"", ""gamma"": 0.01, ""C"": 10}",23,Injection_Time;Filling_Time;Plasticizing_Time;Cycle_Time;Clamp_Close_Time;Cushion_Position;Plasticizing_Position;Max_Injection_Speed;Max_Screw_RPM;Average_Screw_RPM;Max_Injection_Pressure;Max_Switch_Over_Pressure;Max_Back_Pressure;Average_Back_Pressure;Barrel_Temperature_1;Barrel_Temperature_2;Barrel_Temperature_3;Barrel_Temperature_4;Barrel_Temperature_5;Barrel_Temperature_6;Hopper_Temperature;Mold_Temperature_3;Mold_Temperature_4,827,35941,355,0.5767931938171387,0.9126760563380282,0.125,0.04,0.0606060606060606,0.4657780979827089,0.0310602176498864,323,24,7,1,
20260930-154231-rg3-svc-self_training-021170,2026-09-30 15:52:14,rg3,standard,none,class_weight,none,True,True,"{""scaling"": ""standard"", ""feature_selection"": null, ""imbalance"": ""class_weight"", ""drop_constant"": true, ""impute"": ""median"", ""outlier"": null, ""fit_on_unlabeled"": true, ""k_best"": 15, ""kbest_score"": ""f_classif"", ""corr_threshold"": 0.95, ""model_threshold"": ""median"", ""outlier_iqr_k"": 1.5, ""outlier_quantile"": [0.01, 0.99], ""smote_k_neighbors"": 5, ""smote_sampling_strategy"": ""auto"", ""random_state"": 42}",svc,self_training,1,f1,0.0581833895082533,5,random,"{""kernel"": ""rbf"", ""gamma"": ""scale"", ""C"": 0.1}",23,Injection_Time;Filling_Time;Plasticizing_Time;Cycle_Time;Clamp_Close_Time;Cushion_Position;Plasticizing_Position;Max_Injection_Speed;Max_Screw_RPM;Average_Screw_RPM;Max_Injection_Pressure;Max_Switch_Over_Pressure;Max_Back_Pressure;Average_Back_Pressure;Barrel_Temperature_1;Barrel_Temperature_2;Barrel_Temperature_3;Barrel_Temperature_4;Barrel_Temperature_5;Barrel_Temperature_6;Hopper_Temperature;Mold_Temperature_3;Mold_Temperature_4,827,35941,355,582.2580127716064,0.6647887323943662,0.25,0.017391304347826,0.032520325203252,0.4564121037463977,0.026479048289875,234,113,6,2,
20260930-154231-rg3-rf-none-021170,2026-09-30 15:52:30,rg3,standard,none,class_weight,none,True,True,"{""scaling"": ""standard"", ""feature_selection"": null, ""imbalance"": ""class_weight"", ""drop_constant"": true, ""impute"": ""median"", ""outlier"": null, ""fit_on_unlabeled"": true, ""k_best"": 15, ""kbest_score"": ""f_classif"", ""corr_threshold"": 0.95, ""model_threshold"": ""median"", ""outlier_iqr_k"": 1.5, ""outlier_quantile"": [0.01, 0.99], ""smote_k_neighbors"": 5, ""smote_sampling_strategy"": ""auto"", ""random_state"": 42}",rf,none,1,f1,0.0,5,random,"{""n_estimators"": 600, ""min_samples_leaf"": 2, ""max_features"": 0.5, ""max_depth"": 10}",23,Injection_Time;Filling_Time;Plasticizing_Time;Cycle_Time;Clamp_Close_Time;Cushion_Position;Plasticizing_Position;Max_Injection_Speed;Max_Screw_RPM;Average_Screw_RPM;Max_Injection_Pressure;Max_Switch_Over_Pressure;Max_Back_Pressure;Average_Back_Pressure;Barrel_Temperature_1;Barrel_Temperature_2;Barrel_Temperature_3;Barrel_Temperature_4;Barrel_Temperature_5;Barrel_Temperature_6;Hopper_Temperature;Mold_Temperature_3;Mold_Temperature_4,827,35941,355,16.442817211151123,0.9605633802816902,0.0,0.0,0.0,0.3888688760806916,0.0200879710854948,341,6,8,0,
20260930-154231-rg3-rf-self_training-021170,2026-09-30 16:00:12,rg3,standard,none,class_weight,none,True,True,"{""scaling"": ""standard"", ""feature_selection"": null, ""imbalance"": ""class_weight"", ""drop_constant"": true, ""impute"": ""median"", ""outlier"": null, ""fit_on_unlabeled"": true, ""k_best"": 15, ""kbest_score"": ""f_classif"", ""corr_threshold"": 0.95, ""model_threshold"": ""median"", ""outlier_iqr_k"": 1.5, ""outlier_quantile"": [0.01, 0.99], ""smote_k_neighbors"": 5, ""smote_sampling_strategy"": ""auto"", ""random_state"": 42}",rf,self_training,1,f1,0.1168627450980392,5,random,"{""n_estimators"": 200, ""min_samples_leaf"": 1, ""max_features"": 0.5, ""max_depth"": 5}",23,Injection_Time;Filling_Time;Plasticizing_Time;Cycle_Time;Clamp_Close_Time;Cushion_Position;Plasticizing_Position;Max_Injection_Speed;Max_Screw_RPM;Average_Screw_RPM;Max_Injection_Pressure;Max_Switch_Over_Pressure;Max_Back_Pressure;Average_Back_Pressure;Barrel_Temperature_1;Barrel_Temperature_2;Barrel_Temperature_3;Barrel_Temperature_4;Barrel_Temperature_5;Barrel_Temperature_6;Hopper_Temperature;Mold_Temperature_3;Mold_Temperature_4,827,35941,355,461.8379728794098,0.9154929577464788,0.0,0.0,0.0,0.4131844380403459,0.021791107583033,325,22,8,0,
20260930-154231-rg3-gnb-none-021170,2026-09-30 16:00:12,rg3,standard,none,class_weight,none,True,True,"{""scaling"": ""standard"", ""feature_selection"": null, ""imbalance"": ""class_weight"", ""drop_constant"": true, ""impute"": ""median"", ""outlier"": null, ""fit_on_unlabeled"": true, ""k_best"": 15, ""kbest_score"": ""f_classif"", ""corr_threshold"": 0.95, ""model_threshold"": ""median"", ""outlier_iqr_k"": 1.5, ""outlier_quantile"": [0.01, 0.99], ""smote_k_neighbors"": 5, ""smote_sampling_strategy"": ""auto"", ""random_state"": 42}",gnb,none,1,f1,0.0423971104174545,5,random,"{""var_smoothing"": 1e-08}",23,Injection_Time;Filling_Time;Plasticizing_Time;Cycle_Time;Clamp_Close_Time;Cushion_Position;Plasticizing_Position;Max_Injection_Speed;Max_Screw_RPM;Average_Screw_RPM;Max_Injection_Pressure;Max_Switch_Over_Pressure;Max_Back_Pressure;Average_Back_Pressure;Barrel_Temperature_1;Barrel_Temperature_2;Barrel_Temperature_3;Barrel_Temperature_4;Barrel_Temperature_5;Barrel_Temperature_6;Hopper_Temperature;Mold_Temperature_3;Mold_Temperature_4,827,35941,355,0.0322039127349853,0.0507042253521126,1.0,0.0231884057971014,0.0453257790368272,0.404178674351585,0.02016429793335,10,337,0,8,
20260930-154231-rg3-gnb-self_training-021170,2026-09-30 16:00:13,rg3,standard,none,class_weight,none,True,True,"{""scaling"": ""standard"", ""feature_selection"": null, ""imbalance"": ""class_weight"", ""drop_constant"": true, ""impute"": ""median"", ""outlier"": null, ""fit_on_unlabeled"": true, ""k_best"": 15, ""kbest_score"": ""f_classif"", ""corr_threshold"": 0.95, ""model_threshold"": ""median"", ""outlier_iqr_k"": 1.5, ""outlier_quantile"": [0.01, 0.99], ""smote_k_neighbors"": 5, ""smote_sampling_strategy"": ""auto"", ""random_state"": 42}",gnb,self_training,1,f1,0.0419783197831978,5,random,"{""var_smoothing"": 1e-09}",23,Injection_Time;Filling_Time;Plasticizing_Time;Cycle_Time;Clamp_Close_Time;Cushion_Position;Plasticizing_Position;Max_Injection_Speed;Max_Screw_RPM;Average_Screw_RPM;Max_Injection_Pressure;Max_Switch_Over_Pressure;Max_Back_Pressure;Average_Back_Pressure;Barrel_Temperature_1;Barrel_Temperature_2;Barrel_Temperature_3;Barrel_Temperature_4;Barrel_Temperature_5;Barrel_Temperature_6;Hopper_Temperature;Mold_Temperature_3;Mold_Temperature_4,827,35941,355,0.3788328170776367,0.0507042253521126,1.0,0.0231884057971014,0.0453257790368272,0.3937319884726225,0.0198497153516039,10,337,0,8,
20260930-154231-rg3-dnn-none-021170,2026-09-30 16:01:17,rg3,standard,none,class_weight,none,True,True,"{""scaling"": ""standard"", ""feature_selection"": null, ""imbalance"": ""class_weight"", ""drop_constant"": true, ""impute"": ""median"", ""outlier"": null, ""fit_on_unlabeled"": true, ""k_best"": 15, ""kbest_score"": ""f_classif"", ""corr_threshold"": 0.95, ""model_threshold"": ""median"", ""outlier_iqr_k"": 1.5, ""outlier_quantile"": [0.01, 0.99], ""smote_k_neighbors"": 5, ""smote_sampling_strategy"": ""auto"", ""random_state"": 42}",dnn,none,1,f1,0.0582375478927203,5,random,"{""learning_rate"": 0.001, ""l2"": 0.0, ""hidden_units"": [64, 32], ""dropout"": 0.5, ""batch_size"": 64}",23,Injection_Time;Filling_Time;Plasticizing_Time;Cycle_Time;Clamp_Close_Time;Cushion_Position;Plasticizing_Position;Max_Injection_Speed;Max_Screw_RPM;Average_Screw_RPM;Max_Injection_Pressure;Max_Switch_Over_Pressure;Max_Back_Pressure;Average_Back_Pressure;Barrel_Temperature_1;Barrel_Temperature_2;Barrel_Temperature_3;Barrel_Temperature_4;Barrel_Temperature_5;Barrel_Temperature_6;Hopper_Temperature;Mold_Temperature_3;Mold_Temperature_4,827,35941,355,64.73309707641602,0.9295774647887324,0.125,0.0526315789473684,0.074074074074074,0.5835734870317003,0.0445291181669553,329,18,7,1,
20260930-154231-rg3-dnn-self_training-021170,2026-09-30 16:09:23,rg3,standard,none,class_weight,none,True,True,"{""scaling"": ""standard"", ""feature_selection"": null, ""imbalance"": ""class_weight"", ""drop_constant"": true, ""impute"": ""median"", ""outlier"": null, ""fit_on_unlabeled"": true, ""k_best"": 15, ""kbest_score"": ""f_classif"", ""corr_threshold"": 0.95, ""model_threshold"": ""median"", ""outlier_iqr_k"": 1.5, ""outlier_quantile"": [0.01, 0.99], ""smote_k_neighbors"": 5, ""smote_sampling_strategy"": ""auto"", ""random_state"": 42}",dnn,self_training,1,f1,0.1121367887484829,5,random,"{""learning_rate"": 0.001, ""l2"": 0.0, ""hidden_units"": [64, 32], ""dropout"": 0.1, ""batch_size"": 64}",23,Injection_Time;Filling_Time;Plasticizing_Time;Cycle_Time;Clamp_Close_Time;Cushion_Position;Plasticizing_Position;Max_Injection_Speed;Max_Screw_RPM;Average_Screw_RPM;Max_Injection_Pressure;Max_Switch_Over_Pressure;Max_Back_Pressure;Average_Back_Pressure;Barrel_Temperature_1;Barrel_Temperature_2;Barrel_Temperature_3;Barrel_Temperature_4;Barrel_Temperature_5;Barrel_Temperature_6;Hopper_Temperature;Mold_Temperature_3;Mold_Temperature_4,827,35941,355,485.55169105529785,0.9267605633802816,0.0,0.0,0.0,0.6368876080691642,0.046396245387444,329,18,8,0,
20260930-154231-rg3-svc-none-b50bf2,2026-09-30 16:09:27,rg3,standard,none,smote,none,True,True,"{""scaling"": ""standard"", ""feature_selection"": null, ""imbalance"": ""smote"", ""drop_constant"": true, ""impute"": ""median"", ""outlier"": null, ""fit_on_unlabeled"": true, ""k_best"": 15, ""kbest_score"": ""f_classif"", ""corr_threshold"": 0.95, ""model_threshold"": ""median"", ""outlier_iqr_k"": 1.5, ""outlier_quantile"": [0.01, 0.99], ""smote_k_neighbors"": 5, ""smote_sampling_strategy"": ""auto"", ""random_state"": 42}",svc,none,1,f1,0.1071328671328671,5,random,"{""kernel"": ""rbf"", ""gamma"": 0.01, ""C"": 10}",23,Injection_Time;Filling_Time;Plasticizing_Time;Cycle_Time;Clamp_Close_Time;Cushion_Position;Plasticizing_Position;Max_Injection_Speed;Max_Screw_RPM;Average_Screw_RPM;Max_Injection_Pressure;Max_Switch_Over_Pressure;Max_Back_Pressure;Average_Back_Pressure;Barrel_Temperature_1;Barrel_Temperature_2;Barrel_Temperature_3;Barrel_Temperature_4;Barrel_Temperature_5;Barrel_Temperature_6;Hopper_Temperature;Mold_Temperature_3;Mold_Temperature_4,827,35941,355,3.290100336074829,0.9408450704225352,0.0,0.0,0.0,0.4899135446685879,0.0314988566478468,334,13,8,0,
20260930-154231-rg3-svc-self_training-b50bf2,2026-09-30 16:19:21,rg3,standard,none,smote,none,True,True,"{""scaling"": ""standard"", ""feature_selection"": null, ""imbalance"": ""smote"", ""drop_constant"": true, ""impute"": ""median"", ""outlier"": null, ""fit_on_unlabeled"": true, ""k_best"": 15, ""kbest_score"": ""f_classif"", ""corr_threshold"": 0.95, ""model_threshold"": ""median"", ""outlier_iqr_k"": 1.5, ""outlier_quantile"": [0.01, 0.99], ""smote_k_neighbors"": 5, ""smote_sampling_strategy"": ""auto"", ""random_state"": 42}",svc,self_training,1,f1,0.0982683982683982,5,random,"{""kernel"": ""rbf"", ""gamma"": 0.01, ""C"": 10}",23,Injection_Time;Filling_Time;Plasticizing_Time;Cycle_Time;Clamp_Close_Time;Cushion_Position;Plasticizing_Position;Max_Injection_Speed;Max_Screw_RPM;Average_Screw_RPM;Max_Injection_Pressure;Max_Switch_Over_Pressure;Max_Back_Pressure;Average_Back_Pressure;Barrel_Temperature_1;Barrel_Temperature_2;Barrel_Temperature_3;Barrel_Temperature_4;Barrel_Temperature_5;Barrel_Temperature_6;Hopper_Temperature;Mold_Temperature_3;Mold_Temperature_4,827,35941,355,594.7006030082703,0.9408450704225352,0.125,0.0666666666666666,0.0869565217391304,0.4524495677233429,0.0300740903755868,333,14,7,1,
20260930-154231-rg3-rf-none-b50bf2,2026-09-30 16:20:19,rg3,standard,none,smote,none,True,True,"{""scaling"": ""standard"", ""feature_selection"": null, ""imbalance"": ""smote"", ""drop_constant"": true, ""impute"": ""median"", ""outlier"": null, ""fit_on_unlabeled"": true, ""k_best"": 15, ""kbest_score"": ""f_classif"", ""corr_threshold"": 0.95, ""model_threshold"": ""median"", ""outlier_iqr_k"": 1.5, ""outlier_quantile"": [0.01, 0.99], ""smote_k_neighbors"": 5, ""smote_sampling_strategy"": ""auto"", ""random_state"": 42}",rf,none,1,f1,0.0363636363636363,5,random,"{""n_estimators"": 200, ""min_samples_leaf"": 2, ""max_features"": ""sqrt"", ""max_depth"": 5}",23,Injection_Time;Filling_Time;Plasticizing_Time;Cycle_Time;Clamp_Close_Time;Cushion_Position;Plasticizing_Position;Max_Injection_Speed;Max_Screw_RPM;Average_Screw_RPM;Max_Injection_Pressure;Max_Switch_Over_Pressure;Max_Back_Pressure;Average_Back_Pressure;Barrel_Temperature_1;Barrel_Temperature_2;Barrel_Temperature_3;Barrel_Temperature_4;Barrel_Temperature_5;Barrel_Temperature_6;Hopper_Temperature;Mold_Temperature_3;Mold_Temperature_4,827,35941,355,57.46651911735535,0.9154929577464788,0.125,0.0416666666666666,0.0625,0.3868876080691642,0.0244381641221678,324,23,7,1,
20260930-154231-rg3-rf-self_training-b50bf2,2026-09-30 16:24:29,rg3,standard,none,smote,none,True,True,"{""scaling"": ""standard"", ""feature_selection"": null, ""imbalance"": ""smote"", ""drop_constant"": true, ""impute"": ""median"", ""outlier"": null, ""fit_on_unlabeled"": true, ""k_best"": 15, ""kbest_score"": ""f_classif"", ""corr_threshold"": 0.95, ""model_threshold"": ""median"", ""outlier_iqr_k"": 1.5, ""outlier_quantile"": [0.01, 0.99], ""smote_k_neighbors"": 5, ""smote_sampling_strategy"": ""auto"", ""random_state"": 42}",rf,self_training,1,f1,0.0363636363636363,5,random,"{""n_estimators"": 200, ""min_samples_leaf"": 2, ""max_features"": ""sqrt"", ""max_depth"": 5}",23,Injection_Time;Filling_Time;Plasticizing_Time;Cycle_Time;Clamp_Close_Time;Cushion_Position;Plasticizing_Position;Max_Injection_Speed;Max_Screw_RPM;Average_Screw_RPM;Max_Injection_Pressure;Max_Switch_Over_Pressure;Max_Back_Pressure;Average_Back_Pressure;Barrel_Temperature_1;Barrel_Temperature_2;Barrel_Temperature_3;Barrel_Temperature_4;Barrel_Temperature_5;Barrel_Temperature_6;Hopper_Temperature;Mold_Temperature_3;Mold_Temperature_4,827,35941,355,250.22426390647888,0.9154929577464788,0.125,0.0416666666666666,0.0625,0.3868876080691642,0.0244381641221678,324,23,7,1,
20260930-154231-rg3-gnb-none-b50bf2,2026-09-30 16:24:29,rg3,standard,none,smote,none,True,True,"{""scaling"": ""standard"", ""feature_selection"": null, ""imbalance"": ""smote"", ""drop_constant"": true, ""impute"": ""median"", ""outlier"": null, ""fit_on_unlabeled"": true, ""k_best"": 15, ""kbest_score"": ""f_classif"", ""corr_threshold"": 0.95, ""model_threshold"": ""median"", ""outlier_iqr_k"": 1.5, ""outlier_quantile"": [0.01, 0.99], ""smote_k_neighbors"": 5, ""smote_sampling_strategy"": ""auto"", ""random_state"": 42}",gnb,none,1,f1,0.0440672066633062,5,random,"{""var_smoothing"": 1e-05}",23,Injection_Time;Filling_Time;Plasticizing_Time;Cycle_Time;Clamp_Close_Time;Cushion_Position;Plasticizing_Position;Max_Injection_Speed;Max_Screw_RPM;Average_Screw_RPM;Max_Injection_Pressure;Max_Switch_Over_Pressure;Max_Back_Pressure;Average_Back_Pressure;Barrel_Temperature_1;Barrel_Temperature_2;Barrel_Temperature_3;Barrel_Temperature_4;Barrel_Temperature_5;Barrel_Temperature_6;Hopper_Temperature;Mold_Temperature_3;Mold_Temperature_4,827,35941,355,0.1090760231018066,0.380281690140845,0.625,0.0225225225225225,0.0434782608695652,0.4221902017291066,0.0205219236364161,130,217,3,5,
20260930-154231-rg3-gnb-self_training-b50bf2,2026-09-30 16:24:30,rg3,standard,none,smote,none,True,True,"{""scaling"": ""standard"", ""feature_selection"": null, ""imbalance"": ""smote"", ""drop_constant"": true, ""impute"": ""median"", ""outlier"": null, ""fit_on_unlabeled"": true, ""k_best"": 15, ""kbest_score"": ""f_classif"", ""corr_threshold"": 0.95, ""model_threshold"": ""median"", ""outlier_iqr_k"": 1.5, ""outlier_quantile"": [0.01, 0.99], ""smote_k_neighbors"": 5, ""smote_sampling_strategy"": ""auto"", ""random_state"": 42}",gnb,self_training,1,f1,0.0513471055413402,5,random,"{""var_smoothing"": 1e-05}",23,Injection_Time;Filling_Time;Plasticizing_Time;Cycle_Time;Clamp_Close_Time;Cushion_Position;Plasticizing_Position;Max_Injection_Speed;Max_Screw_RPM;Average_Screw_RPM;Max_Injection_Pressure;Max_Switch_Over_Pressure;Max_Back_Pressure;Average_Back_Pressure;Barrel_Temperature_1;Barrel_Temperature_2;Barrel_Temperature_3;Barrel_Temperature_4;Barrel_Temperature_5;Barrel_Temperature_6;Hopper_Temperature;Mold_Temperature_3;Mold_Temperature_4,827,35941,355,0.7342567443847656,0.6169014084507042,0.125,0.0076923076923076,0.0144927536231884,0.4265129682997118,0.0207201772103878,218,129,7,1,
20260930-154231-rg3-dnn-none-b50bf2,2026-09-30 16:25:52,rg3,standard,none,smote,none,True,True,"{""scaling"": ""standard"", ""feature_selection"": null, ""imbalance"": ""smote"", ""drop_constant"": true, ""impute"": ""median"", ""outlier"": null, ""fit_on_unlabeled"": true, ""k_best"": 15, ""kbest_score"": ""f_classif"", ""corr_threshold"": 0.95, ""model_threshold"": ""median"", ""outlier_iqr_k"": 1.5, ""outlier_quantile"": [0.01, 0.99], ""smote_k_neighbors"": 5, ""smote_sampling_strategy"": ""auto"", ""random_state"": 42}",dnn,none,1,f1,0.08,5,random,"{""learning_rate"": 0.001, ""l2"": 0.001, ""hidden_units"": [128, 64, 32], ""dropout"": 0.1, ""batch_size"": 64}",23,Injection_Time;Filling_Time;Plasticizing_Time;Cycle_Time;Clamp_Close_Time;Cushion_Position;Plasticizing_Position;Max_Injection_Speed;Max_Screw_RPM;Average_Screw_RPM;Max_Injection_Pressure;Max_Switch_Over_Pressure;Max_Back_Pressure;Average_Back_Pressure;Barrel_Temperature_1;Barrel_Temperature_2;Barrel_Temperature_3;Barrel_Temperature_4;Barrel_Temperature_5;Barrel_Temperature_6;Hopper_Temperature;Mold_Temperature_3;Mold_Temperature_4,827,35941,355,82.21850395202637,0.9605633802816902,0.0,0.0,0.0,0.510806916426513,0.0310899246014906,341,6,8,0,
20261003-041559-rg3-processed2-svc-self_training-1a60e7,2026-10-03 04:22:51,rg3,none,none,class_weight,none,True,True,"{""scaling"": null, ""feature_selection"": null, ""imbalance"": ""class_weight"", ""drop_constant"": true, ""impute"": ""median"", ""outlier"": null, ""fit_on_unlabeled"": true, ""k_best"": 15, ""kbest_score"": ""f_classif"", ""corr_threshold"": 0.95, ""model_threshold"": ""median"", ""outlier_iqr_k"": 1.5, ""outlier_quantile"": [0.01, 0.99], ""smote_k_neighbors"": 5, ""smote_sampling_strategy"": ""auto"", ""random_state"": 42}",svc,self_training,1,f1,0.671912401324166,5,random,"{""kernel"": ""rbf"", ""gamma"": 0.1, ""C"": 1}",24,Injection_Time;Filling_Time;Plasticizing_Time;Cycle_Time;Clamp_Close_Time;Cushion_Position;Plasticizing_Position;Clamp_Open_Position;Max_Injection_Speed;Max_Screw_RPM;Average_Screw_RPM;Max_Injection_Pressure;Max_Switch_Over_Pressure;Max_Back_Pressure;Average_Back_Pressure;Barrel_Temperature_1;Barrel_Temperature_2;Barrel_Temperature_3;Barrel_Temperature_4;Barrel_Temperature_5;Barrel_Temperature_6;Hopper_Temperature;Mold_Temperature_3;Mold_Temperature_4,431,29707,185,412.5186700820923,0.9621621621621622,0.7142857142857143,0.7692307692307693,0.7407407407407407,0.9005847953216374,0.8084679548094181,168,3,4,10,processed2
20261003-044932-rg3-processed2-svc-self_training-1a60e7,2026-10-03 04:56:04,rg3,none,none,class_weight,none,True,True,"{""scaling"": null, ""feature_selection"": null, ""imbalance"": ""class_weight"", ""drop_constant"": true, ""impute"": ""median"", ""outlier"": null, ""fit_on_unlabeled"": true, ""k_best"": 15, ""kbest_score"": ""f_classif"", ""corr_threshold"": 0.95, ""model_threshold"": ""median"", ""outlier_iqr_k"": 1.5, ""outlier_quantile"": [0.01, 0.99], ""smote_k_neighbors"": 5, ""smote_sampling_strategy"": ""auto"", ""random_state"": 42}",svc,self_training,1,f1,0.671912401324166,5,random,"{""kernel"": ""rbf"", ""gamma"": 0.1, ""C"": 1}",24,Injection_Time;Filling_Time;Plasticizing_Time;Cycle_Time;Clamp_Close_Time;Cushion_Position;Plasticizing_Position;Clamp_Open_Position;Max_Injection_Speed;Max_Screw_RPM;Average_Screw_RPM;Max_Injection_Pressure;Max_Switch_Over_Pressure;Max_Back_Pressure;Average_Back_Pressure;Barrel_Temperature_1;Barrel_Temperature_2;Barrel_Temperature_3;Barrel_Temperature_4;Barrel_Temperature_5;Barrel_Temperature_6;Hopper_Temperature;Mold_Temperature_3;Mold_Temperature_4,431,29707,185,391.9660379886627,0.9621621621621622,0.7142857142857143,0.7692307692307693,0.7407407407407407,0.9005847953216374,0.8084679548094181,168,3,4,10,processed2
20261003-044932-rg3-processed2-rf-self_training-1a60e7,2026-10-03 05:03:38,rg3,none,none,class_weight,none,True,True,"{""scaling"": null, ""feature_selection"": null, ""imbalance"": ""class_weight"", ""drop_constant"": true, ""impute"": ""median"", ""outlier"": null, ""fit_on_unlabeled"": true, ""k_best"": 15, ""kbest_score"": ""f_classif"", ""corr_threshold"": 0.95, ""model_threshold"": ""median"", ""outlier_iqr_k"": 1.5, ""outlier_quantile"": [0.01, 0.99], ""smote_k_neighbors"": 5, ""smote_sampling_strategy"": ""auto"", ""random_state"": 42}",rf,self_training,1,f1,0.7490043290043291,5,random,"{""n_estimators"": 400, ""min_samples_leaf"": 1, ""max_features"": ""log2"", ""max_depth"": null}",24,Injection_Time;Filling_Time;Plasticizing_Time;Cycle_Time;Clamp_Close_Time;Cushion_Position;Plasticizing_Position;Clamp_Open_Position;Max_Injection_Speed;Max_Screw_RPM;Average_Screw_RPM;Max_Injection_Pressure;Max_Switch_Over_Pressure;Max_Back_Pressure;Average_Back_Pressure;Barrel_Temperature_1;Barrel_Temperature_2;Barrel_Temperature_3;Barrel_Temperature_4;Barrel_Temperature_5;Barrel_Temperature_6;Hopper_Temperature;Mold_Temperature_3;Mold_Temperature_4,431,29707,185,454.4435520172119,0.9783783783783784,0.7142857142857143,1.0,0.8333333333333334,0.9615705931495404,0.8173374613003095,171,0,4,10,processed2
20261003-044932-rg3-processed2-gnb-self_training-1a60e7,2026-10-03 05:03:38,rg3,none,none,class_weight,none,True,True,"{""scaling"": null, ""feature_selection"": null, ""imbalance"": ""class_weight"", ""drop_constant"": true, ""impute"": ""median"", ""outlier"": null, ""fit_on_unlabeled"": true, ""k_best"": 15, ""kbest_score"": ""f_classif"", ""corr_threshold"": 0.95, ""model_threshold"": ""median"", ""outlier_iqr_k"": 1.5, ""outlier_quantile"": [0.01, 0.99], ""smote_k_neighbors"": 5, ""smote_sampling_strategy"": ""auto"", ""random_state"": 42}",gnb,self_training,1,f1,0.1488113926300414,5,random,"{""var_smoothing"": 1e-11}",24,Injection_Time;Filling_Time;Plasticizing_Time;Cycle_Time;Clamp_Close_Time;Cushion_Position;Plasticizing_Position;Clamp_Open_Position;Max_Injection_Speed;Max_Screw_RPM;Average_Screw_RPM;Max_Injection_Pressure;Max_Switch_Over_Pressure;Max_Back_Pressure;Average_Back_Pressure;Barrel_Temperature_1;Barrel_Temperature_2;Barrel_Temperature_3;Barrel_Temperature_4;Barrel_Temperature_5;Barrel_Temperature_6;Hopper_Temperature;Mold_Temperature_3;Mold_Temperature_4,431,29707,185,0.3299052715301513,0.1081081081081081,1.0,0.0782122905027933,0.1450777202072538,0.6449456975772765,0.1106927385330262,6,165,0,14,processed2
20261003-044932-rg3-processed2-dnn-self_training-1a60e7,2026-10-03 05:12:32,rg3,none,none,class_weight,none,True,True,"{""scaling"": null, ""feature_selection"": null, ""imbalance"": ""class_weight"", ""drop_constant"": true, ""impute"": ""median"", ""outlier"": null, ""fit_on_unlabeled"": true, ""k_best"": 15, ""kbest_score"": ""f_classif"", ""corr_threshold"": 0.95, ""model_threshold"": ""median"", ""outlier_iqr_k"": 1.5, ""outlier_quantile"": [0.01, 0.99], ""smote_k_neighbors"": 5, ""smote_sampling_strategy"": ""auto"", ""random_state"": 42}",dnn,self_training,1,f1,0.4444706512999195,5,random,"{""learning_rate"": 0.001, ""l2"": 0.0, ""hidden_units"": [64, 32], ""dropout"": 0.1, ""batch_size"": 64}",24,Injection_Time;Filling_Time;Plasticizing_Time;Cycle_Time;Clamp_Close_Time;Cushion_Position;Plasticizing_Position;Clamp_Open_Position;Max_Injection_Speed;Max_Screw_RPM;Average_Screw_RPM;Max_Injection_Pressure;Max_Switch_Over_Pressure;Max_Back_Pressure;Average_Back_Pressure;Barrel_Temperature_1;Barrel_Temperature_2;Barrel_Temperature_3;Barrel_Temperature_4;Barrel_Temperature_5;Barrel_Temperature_6;Hopper_Temperature;Mold_Temperature_3;Mold_Temperature_4,431,29707,185,533.7116260528564,0.8486486486486486,0.7142857142857143,0.2941176470588235,0.4166666666666667,0.8546365914786966,0.7284810232244838,147,24,4,10,processed2
20261003-044932-rg3-processed2-svc-self_training-029bc1,2026-10-03 05:15:03,rg3,none,none,smote,none,True,True,"{""scaling"": null, ""feature_selection"": null, ""imbalance"": ""smote"", ""drop_constant"": true, ""impute"": ""median"", ""outlier"": null, ""fit_on_unlabeled"": true, ""k_best"": 15, ""kbest_score"": ""f_classif"", ""corr_threshold"": 0.95, ""model_threshold"": ""median"", ""outlier_iqr_k"": 1.5, ""outlier_quantile"": [0.01, 0.99], ""smote_k_neighbors"": 5, ""smote_sampling_strategy"": ""auto"", ""random_state"": 42}",svc,self_training,1,f1,0.6616559910677557,5,random,"{""kernel"": ""rbf"", ""gamma"": 0.1, ""C"": 1}",24,Injection_Time;Filling_Time;Plasticizing_Time;Cycle_Time;Clamp_Close_Time;Cushion_Position;Plasticizing_Position;Clamp_Open_Position;Max_Injection_Speed;Max_Screw_RPM;Average_Screw_RPM;Max_Injection_Pressure;Max_Switch_Over_Pressure;Max_Back_Pressure;Average_Back_Pressure;Barrel_Temperature_1;Barrel_Temperature_2;Barrel_Temperature_3;Barrel_Temperature_4;Barrel_Temperature_5;Barrel_Temperature_6;Hopper_Temperature;Mold_Temperature_3;Mold_Temperature_4,431,29707,185,150.62184286117554,0.9675675675675676,0.7142857142857143,0.8333333333333334,0.7692307692307693,0.9147869674185464,0.8542785535266737,169,2,4,10,processed2
20261003-044932-rg3-processed2-rf-self_training-029bc1,2026-10-03 05:16:54,rg3,none,none,smote,none,True,True,"{""scaling"": null, ""feature_selection"": null, ""imbalance"": ""smote"", ""drop_constant"": true, ""impute"": ""median"", ""outlier"": null, ""fit_on_unlabeled"": true, ""k_best"": 15, ""kbest_score"": ""f_classif"", ""corr_threshold"": 0.95, ""model_threshold"": ""median"", ""outlier_iqr_k"": 1.5, ""outlier_quantile"": [0.01, 0.99], ""smote_k_neighbors"": 5, ""smote_sampling_strategy"": ""auto"", ""random_state"": 42}",rf,self_training,1,f1,0.7368831168831169,5,random,"{""n_estimators"": 400, ""min_samples_leaf"": 1, ""max_features"": ""log2"", ""max_depth"": null}",24,Injection_Time;Filling_Time;Plasticizing_Time;Cycle_Time;Clamp_Close_Time;Cushion_Position;Plasticizing_Position;Clamp_Open_Position;Max_Injection_Speed;Max_Screw_RPM;Average_Screw_RPM;Max_Injection_Pressure;Max_Switch_Over_Pressure;Max_Back_Pressure;Average_Back_Pressure;Barrel_Temperature_1;Barrel_Temperature_2;Barrel_Temperature_3;Barrel_Temperature_4;Barrel_Temperature_5;Barrel_Temperature_6;Hopper_Temperature;Mold_Temperature_3;Mold_Temperature_4,431,29707,185,110.9067587852478,0.972972972972973,0.7142857142857143,0.9090909090909092,0.8,0.9841269841269842,0.879251700680272,170,1,4,10,processed2
20261003-044932-rg3-processed2-gnb-self_training-029bc1,2026-10-03 05:16:54,rg3,none,none,smote,none,True,True,"{""scaling"": null, ""feature_selection"": null, ""imbalance"": ""smote"", ""drop_constant"": true, ""impute"": ""median"", ""outlier"": null, ""fit_on_unlabeled"": true, ""k_best"": 15, ""kbest_score"": ""f_classif"", ""corr_threshold"": 0.95, ""model_threshold"": ""median"", ""outlier_iqr_k"": 1.5, ""outlier_quantile"": [0.01, 0.99], ""smote_k_neighbors"": 5, ""smote_sampling_strategy"": ""auto"", ""random_state"": 42}",gnb,self_training,1,f1,0.1689407312748273,5,random,"{""var_smoothing"": 1e-07}",24,Injection_Time;Filling_Time;Plasticizing_Time;Cycle_Time;Clamp_Close_Time;Cushion_Position;Plasticizing_Position;Clamp_Open_Position;Max_Injection_Speed;Max_Screw_RPM;Average_Screw_RPM;Max_Injection_Pressure;Max_Switch_Over_Pressure;Max_Back_Pressure;Average_Back_Pressure;Barrel_Temperature_1;Barrel_Temperature_2;Barrel_Temperature_3;Barrel_Temperature_4;Barrel_Temperature_5;Barrel_Temperature_6;Hopper_Temperature;Mold_Temperature_3;Mold_Temperature_4,431,29707,185,0.315972089767456,0.3027027027027027,0.9285714285714286,0.0921985815602836,0.1677419354838709,0.6562238930659983,0.1318633681763994,43,128,1,13,processed2
20261003-044932-rg3-processed2-dnn-self_training-029bc1,2026-10-03 08:09:24,rg3,none,none,smote,none,True,True,"{""scaling"": null, ""feature_selection"": null, ""imbalance"": ""smote"", ""drop_constant"": true, ""impute"": ""median"", ""outlier"": null, ""fit_on_unlabeled"": true, ""k_best"": 15, ""kbest_score"": ""f_classif"", ""corr_threshold"": 0.95, ""model_threshold"": ""median"", ""outlier_iqr_k"": 1.5, ""outlier_quantile"": [0.01, 0.99], ""smote_k_neighbors"": 5, ""smote_sampling_strategy"": ""auto"", ""random_state"": 42}",dnn,self_training,1,f1,0.6842533936651585,5,random,"{""learning_rate"": 0.001, ""l2"": 0.0, ""hidden_units"": [64, 32], ""dropout"": 0.5, ""batch_size"": 64}",24,Injection_Time;Filling_Time;Plasticizing_Time;Cycle_Time;Clamp_Close_Time;Cushion_Position;Plasticizing_Position;Clamp_Open_Position;Max_Injection_Speed;Max_Screw_RPM;Average_Screw_RPM;Max_Injection_Pressure;Max_Switch_Over_Pressure;Max_Back_Pressure;Average_Back_Pressure;Barrel_Temperature_1;Barrel_Temperature_2;Barrel_Temperature_3;Barrel_Temperature_4;Barrel_Temperature_5;Barrel_Temperature_6;Hopper_Temperature;Mold_Temperature_3;Mold_Temperature_4,431,29707,185,10349.239779949188,0.9675675675675676,0.7142857142857143,0.8333333333333334,0.7692307692307693,0.8583959899749373,0.7394734392187703,169,2,4,10,processed2
20261003-044932-rg3-processed2-svc-self_training-198704,2026-10-03 10:36:48,rg3,none,corr+kbest,class_weight,none,True,True,"{""scaling"": null, ""feature_selection"": [""corr"", ""kbest""], ""imbalance"": ""class_weight"", ""drop_constant"": true, ""impute"": ""median"", ""outlier"": null, ""fit_on_unlabeled"": true, ""k_best"": 15, ""kbest_score"": ""f_classif"", ""corr_threshold"": 0.95, ""model_threshold"": ""median"", ""outlier_iqr_k"": 1.5, ""outlier_quantile"": [0.01, 0.99], ""smote_k_neighbors"": 5, ""smote_sampling_strategy"": ""auto"", ""random_state"": 42}",svc,self_training,1,f1,0.5773920094353531,5,random,"{""kernel"": ""rbf"", ""gamma"": ""scale"", ""C"": 100}",13,Injection_Time;Filling_Time;Plasticizing_Time;Cycle_Time;Plasticizing_Position;Max_Screw_RPM;Max_Injection_Pressure;Max_Switch_Over_Pressure;Average_Back_Pressure;Barrel_Temperature_2;Barrel_Temperature_4;Barrel_Temperature_6;Hopper_Temperature,431,29707,185,8843.780652046204,0.8756756756756757,0.7142857142857143,0.3448275862068966,0.4651162790697674,0.808688387635756,0.5164421795128717,152,19,4,10,processed2
20261003-044932-rg3-processed2-rf-self_training-198704,2026-10-03 10:59:42,rg3,none,corr+kbest,class_weight,none,True,True,"{""scaling"": null, ""feature_selection"": [""corr"", ""kbest""], ""imbalance"": ""class_weight"", ""drop_constant"": true, ""impute"": ""median"", ""outlier"": null, ""fit_on_unlabeled"": true, ""k_best"": 15, ""kbest_score"": ""f_classif"", ""corr_threshold"": 0.95, ""model_threshold"": ""median"", ""outlier_iqr_k"": 1.5, ""outlier_quantile"": [0.01, 0.99], ""smote_k_neighbors"": 5, ""smote_sampling_strategy"": ""auto"", ""random_state"": 42}",rf,self_training,1,f1,0.7490043290043291,5,random,"{""n_estimators"": 400, ""min_samples_leaf"": 1, ""max_features"": ""log2"", ""max_depth"": null}",13,Injection_Time;Filling_Time;Plasticizing_Time;Cycle_Time;Plasticizing_Position;Max_Screw_RPM;Max_Injection_Pressure;Max_Switch_Over_Pressure;Average_Back_Pressure;Barrel_Temperature_2;Barrel_Temperature_4;Barrel_Temperature_6;Hopper_Temperature,431,29707,185,1374.638994216919,0.9783783783783784,0.7142857142857143,1.0,0.8333333333333334,0.7748538011695907,0.73986328307894,171,0,4,10,processed2
20261003-044932-rg3-processed2-gnb-self_training-198704,2026-10-03 10:59:43,rg3,none,corr+kbest,class_weight,none,True,True,"{""scaling"": null, ""feature_selection"": [""corr"", ""kbest""], ""imbalance"": ""class_weight"", ""drop_constant"": true, ""impute"": ""median"", ""outlier"": null, ""fit_on_unlabeled"": true, ""k_best"": 15, ""kbest_score"": ""f_classif"", ""corr_threshold"": 0.95, ""model_threshold"": ""median"", ""outlier_iqr_k"": 1.5, ""outlier_quantile"": [0.01, 0.99], ""smote_k_neighbors"": 5, ""smote_sampling_strategy"": ""auto"", ""random_state"": 42}",gnb,self_training,1,f1,0.1494040583912465,5,random,"{""var_smoothing"": 1e-06}",13,Injection_Time;Filling_Time;Plasticizing_Time;Cycle_Time;Plasticizing_Position;Max_Screw_RPM;Max_Injection_Pressure;Max_Switch_Over_Pressure;Average_Back_Pressure;Barrel_Temperature_2;Barrel_Temperature_4;Barrel_Temperature_6;Hopper_Temperature,431,29707,185,0.3545877933502197,0.1081081081081081,1.0,0.0782122905027933,0.1450777202072538,0.5267335004177109,0.0841647402974556,6,165,0,14,processed2
20261003-105811-rg3-processed2-svc-self_training-1a60e7,2026-10-03 11:07:32,rg3,none,none,class_weight,none,True,True,"{""scaling"": null, ""feature_selection"": null, ""imbalance"": ""class_weight"", ""drop_constant"": true, ""impute"": ""median"", ""outlier"": null, ""fit_on_unlabeled"": true, ""k_best"": 15, ""kbest_score"": ""f_classif"", ""corr_threshold"": 0.95, ""model_threshold"": ""median"", ""outlier_iqr_k"": 1.5, ""outlier_quantile"": [0.01, 0.99], ""smote_k_neighbors"": 5, ""smote_sampling_strategy"": ""auto"", ""random_state"": 42}",svc,self_training,1,f1,0.671912401324166,5,random,"{""kernel"": ""rbf"", ""gamma"": 0.1, ""C"": 1}",24,Injection_Time;Filling_Time;Plasticizing_Time;Cycle_Time;Clamp_Close_Time;Cushion_Position;Plasticizing_Position;Clamp_Open_Position;Max_Injection_Speed;Max_Screw_RPM;Average_Screw_RPM;Max_Injection_Pressure;Max_Switch_Over_Pressure;Max_Back_Pressure;Average_Back_Pressure;Barrel_Temperature_1;Barrel_Temperature_2;Barrel_Temperature_3;Barrel_Temperature_4;Barrel_Temperature_5;Barrel_Temperature_6;Hopper_Temperature;Mold_Temperature_3;Mold_Temperature_4,431,29707,185,561.3495888710022,0.9621621621621622,0.7142857142857143,0.7692307692307693,0.7407407407407407,0.9005847953216374,0.8084679548094181,168,3,4,10,processed2
20261003-105811-rg3-processed2-rf-self_training-1a60e7,2026-10-03 11:20:02,rg3,none,none,class_weight,none,True,True,"{""scaling"": null, ""feature_selection"": null, ""imbalance"": ""class_weight"", ""drop_constant"": true, ""impute"": ""median"", ""outlier"": null, ""fit_on_unlabeled"": true, ""k_best"": 15, ""kbest_score"": ""f_classif"", ""corr_threshold"": 0.95, ""model_threshold"": ""median"", ""outlier_iqr_k"": 1.5, ""outlier_quantile"": [0.01, 0.99], ""smote_k_neighbors"": 5, ""smote_sampling_strategy"": ""auto"", ""random_state"": 42}",rf,self_training,1,f1,0.7490043290043291,5,random,"{""n_estimators"": 400, ""min_samples_leaf"": 1, ""max_features"": ""log2"", ""max_depth"": null}",24,Injection_Time;Filling_Time;Plasticizing_Time;Cycle_Time;Clamp_Close_Time;Cushion_Position;Plasticizing_Position;Clamp_Open_Position;Max_Injection_Speed;Max_Screw_RPM;Average_Screw_RPM;Max_Injection_Pressure;Max_Switch_Over_Pressure;Max_Back_Pressure;Average_Back_Pressure;Barrel_Temperature_1;Barrel_Temperature_2;Barrel_Temperature_3;Barrel_Temperature_4;Barrel_Temperature_5;Barrel_Temperature_6;Hopper_Temperature;Mold_Temperature_3;Mold_Temperature_4,431,29707,185,749.6911149024963,0.9783783783783784,0.7142857142857143,1.0,0.8333333333333334,0.9615705931495404,0.8173374613003095,171,0,4,10,processed2
20261003-105811-rg3-processed2-gnb-self_training-1a60e7,2026-10-03 11:20:03,rg3,none,none,class_weight,none,True,True,"{""scaling"": null, ""feature_selection"": null, ""imbalance"": ""class_weight"", ""drop_constant"": true, ""impute"": ""median"", ""outlier"": null, ""fit_on_unlabeled"": true, ""k_best"": 15, ""kbest_score"": ""f_classif"", ""corr_threshold"": 0.95, ""model_threshold"": ""median"", ""outlier_iqr_k"": 1.5, ""outlier_quantile"": [0.01, 0.99], ""smote_k_neighbors"": 5, ""smote_sampling_strategy"": ""auto"", ""random_state"": 42}",gnb,self_training,1,f1,0.1488113926300414,5,random,"{""var_smoothing"": 1e-11}",24,Injection_Time;Filling_Time;Plasticizing_Time;Cycle_Time;Clamp_Close_Time;Cushion_Position;Plasticizing_Position;Clamp_Open_Position;Max_Injection_Speed;Max_Screw_RPM;Average_Screw_RPM;Max_Injection_Pressure;Max_Switch_Over_Pressure;Max_Back_Pressure;Average_Back_Pressure;Barrel_Temperature_1;Barrel_Temperature_2;Barrel_Temperature_3;Barrel_Temperature_4;Barrel_Temperature_5;Barrel_Temperature_6;Hopper_Temperature;Mold_Temperature_3;Mold_Temperature_4,431,29707,185,0.6378200054168701,0.1081081081081081,1.0,0.0782122905027933,0.1450777202072538,0.6449456975772765,0.1106927385330262,6,165,0,14,processed2
20261003-105811-rg3-processed2-svc-self_training-029bc1,2026-10-03 11:24:31,rg3,none,none,smote,none,True,True,"{""scaling"": null, ""feature_selection"": null, ""imbalance"": ""smote"", ""drop_constant"": true, ""impute"": ""median"", ""outlier"": null, ""fit_on_unlabeled"": true, ""k_best"": 15, ""kbest_score"": ""f_classif"", ""corr_threshold"": 0.95, ""model_threshold"": ""median"", ""outlier_iqr_k"": 1.5, ""outlier_quantile"": [0.01, 0.99], ""smote_k_neighbors"": 5, ""smote_sampling_strategy"": ""auto"", ""random_state"": 42}",svc,self_training,1,f1,0.6616559910677557,5,random,"{""kernel"": ""rbf"", ""gamma"": 0.1, ""C"": 1}",24,Injection_Time;Filling_Time;Plasticizing_Time;Cycle_Time;Clamp_Close_Time;Cushion_Position;Plasticizing_Position;Clamp_Open_Position;Max_Injection_Speed;Max_Screw_RPM;Average_Screw_RPM;Max_Injection_Pressure;Max_Switch_Over_Pressure;Max_Back_Pressure;Average_Back_Pressure;Barrel_Temperature_1;Barrel_Temperature_2;Barrel_Temperature_3;Barrel_Temperature_4;Barrel_Temperature_5;Barrel_Temperature_6;Hopper_Temperature;Mold_Temperature_3;Mold_Temperature_4,431,29707,185,267.99225306510925,0.9675675675675676,0.7142857142857143,0.8333333333333334,0.7692307692307693,0.9147869674185464,0.8542785535266737,169,2,4,10,processed2
20261003-044932-rg3-processed2-dnn-self_training-198704,2026-10-03 11:25:20,rg3,none,corr+kbest,class_weight,none,True,True,"{""scaling"": null, ""feature_selection"": [""corr"", ""kbest""], ""imbalance"": ""class_weight"", ""drop_constant"": true, ""impute"": ""median"", ""outlier"": null, ""fit_on_unlabeled"": true, ""k_best"": 15, ""kbest_score"": ""f_classif"", ""corr_threshold"": 0.95, ""model_threshold"": ""median"", ""outlier_iqr_k"": 1.5, ""outlier_quantile"": [0.01, 0.99], ""smote_k_neighbors"": 5, ""smote_sampling_strategy"": ""auto"", ""random_state"": 42}",dnn,self_training,1,f1,0.3806356470887363,5,random,"{""learning_rate"": 0.001, ""l2"": 0.0, ""hidden_units"": [128, 64], ""dropout"": 0.1, ""batch_size"": 32}",13,Injection_Time;Filling_Time;Plasticizing_Time;Cycle_Time;Plasticizing_Position;Max_Screw_RPM;Max_Injection_Pressure;Max_Switch_Over_Pressure;Average_Back_Pressure;Barrel_Temperature_2;Barrel_Temperature_4;Barrel_Temperature_6;Hopper_Temperature,431,29707,185,1537.1181659698486,0.9081081081081082,0.0,0.0,0.0,0.6173767752715121,0.1349337840286113,168,3,14,0,processed2
20261003-105811-rg3-processed2-rf-self_training-029bc1,2026-10-03 11:26:54,rg3,none,none,smote,none,True,True,"{""scaling"": null, ""feature_selection"": null, ""imbalance"": ""smote"", ""drop_constant"": true, ""impute"": ""median"", ""outlier"": null, ""fit_on_unlabeled"": true, ""k_best"": 15, ""kbest_score"": ""f_classif"", ""corr_threshold"": 0.95, ""model_threshold"": ""median"", ""outlier_iqr_k"": 1.5, ""outlier_quantile"": [0.01, 0.99], ""smote_k_neighbors"": 5, ""smote_sampling_strategy"": ""auto"", ""random_state"": 42}",rf,self_training,1,f1,0.7368831168831169,5,random,"{""n_estimators"": 400, ""min_samples_leaf"": 1, ""max_features"": ""log2"", ""max_depth"": null}",24,Injection_Time;Filling_Time;Plasticizing_Time;Cycle_Time;Clamp_Close_Time;Cushion_Position;Plasticizing_Position;Clamp_Open_Position;Max_Injection_Speed;Max_Screw_RPM;Average_Screw_RPM;Max_Injection_Pressure;Max_Switch_Over_Pressure;Max_Back_Pressure;Average_Back_Pressure;Barrel_Temperature_1;Barrel_Temperature_2;Barrel_Temperature_3;Barrel_Temperature_4;Barrel_Temperature_5;Barrel_Temperature_6;Hopper_Temperature;Mold_Temperature_3;Mold_Temperature_4,431,29707,185,142.8589849472046,0.972972972972973,0.7142857142857143,0.9090909090909092,0.8,0.9841269841269842,0.879251700680272,170,1,4,10,processed2
20261003-105811-rg3-processed2-gnb-self_training-029bc1,2026-10-03 11:26:55,rg3,none,none,smote,none,True,True,"{""scaling"": null, ""feature_selection"": null, ""imbalance"": ""smote"", ""drop_constant"": true, ""impute"": ""median"", ""outlier"": null, ""fit_on_unlabeled"": true, ""k_best"": 15, ""kbest_score"": ""f_classif"", ""corr_threshold"": 0.95, ""model_threshold"": ""median"", ""outlier_iqr_k"": 1.5, ""outlier_quantile"": [0.01, 0.99], ""smote_k_neighbors"": 5, ""smote_sampling_strategy"": ""auto"", ""random_state"": 42}",gnb,self_training,1,f1,0.1689407312748273,5,random,"{""var_smoothing"": 1e-07}",24,Injection_Time;Filling_Time;Plasticizing_Time;Cycle_Time;Clamp_Close_Time;Cushion_Position;Plasticizing_Position;Clamp_Open_Position;Max_Injection_Speed;Max_Screw_RPM;Average_Screw_RPM;Max_Injection_Pressure;Max_Switch_Over_Pressure;Max_Back_Pressure;Average_Back_Pressure;Barrel_Temperature_1;Barrel_Temperature_2;Barrel_Temperature_3;Barrel_Temperature_4;Barrel_Temperature_5;Barrel_Temperature_6;Hopper_Temperature;Mold_Temperature_3;Mold_Temperature_4,431,29707,185,0.7562258243560791,0.3027027027027027,0.9285714285714286,0.0921985815602836,0.1677419354838709,0.6562238930659983,0.1318633681763994,43,128,1,13,processed2
20261003-044932-rg3-processed2-svc-self_training-9dcf94,2026-10-03 11:33:52,rg3,none,corr+kbest,smote,none,True,True,"{""scaling"": null, ""feature_selection"": [""corr"", ""kbest""], ""imbalance"": ""smote"", ""drop_constant"": true, ""impute"": ""median"", ""outlier"": null, ""fit_on_unlabeled"": true, ""k_best"": 15, ""kbest_score"": ""f_classif"", ""corr_threshold"": 0.95, ""model_threshold"": ""median"", ""outlier_iqr_k"": 1.5, ""outlier_quantile"": [0.01, 0.99], ""smote_k_neighbors"": 5, ""smote_sampling_strategy"": ""auto"", ""random_state"": 42}",svc,self_training,1,f1,0.5150311676627466,5,random,"{""kernel"": ""rbf"", ""gamma"": ""scale"", ""C"": 100}",13,Injection_Time;Filling_Time;Plasticizing_Time;Cycle_Time;Plasticizing_Position;Max_Screw_RPM;Max_Injection_Pressure;Max_Switch_Over_Pressure;Average_Back_Pressure;Barrel_Temperature_2;Barrel_Temperature_4;Barrel_Temperature_6;Hopper_Temperature,431,29707,185,512.084422826767,0.8918918918918919,0.7142857142857143,0.3846153846153846,0.5,0.768170426065163,0.3387241619384476,155,16,4,10,processed2
20261003-105811-rg3-processed2-svc-self_training-198704,2026-10-03 11:41:33,rg3,none,corr+kbest,class_weight,none,True,True,"{""scaling"": null, ""feature_selection"": [""corr"", ""kbest""], ""imbalance"": ""class_weight"", ""drop_constant"": true, ""impute"": ""median"", ""outlier"": null, ""fit_on_unlabeled"": true, ""k_best"": 15, ""kbest_score"": ""f_classif"", ""corr_threshold"": 0.95, ""model_threshold"": ""median"", ""outlier_iqr_k"": 1.5, ""outlier_quantile"": [0.01, 0.99], ""smote_k_neighbors"": 5, ""smote_sampling_strategy"": ""auto"", ""random_state"": 42}",svc,self_training,1,f1,0.5773920094353531,5,random,"{""kernel"": ""rbf"", ""gamma"": ""scale"", ""C"": 100}",13,Injection_Time;Filling_Time;Plasticizing_Time;Cycle_Time;Plasticizing_Position;Max_Screw_RPM;Max_Injection_Pressure;Max_Switch_Over_Pressure;Average_Back_Pressure;Barrel_Temperature_2;Barrel_Temperature_4;Barrel_Temperature_6;Hopper_Temperature,431,29707,185,877.818813085556,0.8756756756756757,0.7142857142857143,0.3448275862068966,0.4651162790697674,0.808688387635756,0.5164421795128717,152,19,4,10,processed2
20261003-044932-rg3-processed2-rf-self_training-9dcf94,2026-10-03 11:45:47,rg3,none,corr+kbest,smote,none,True,True,"{""scaling"": null, ""feature_selection"": [""corr"", ""kbest""], ""imbalance"": ""smote"", ""drop_constant"": true, ""impute"": ""median"", ""outlier"": null, ""fit_on_unlabeled"": true, ""k_best"": 15, ""kbest_score"": ""f_classif"", ""corr_threshold"": 0.95, ""model_threshold"": ""median"", ""outlier_iqr_k"": 1.5, ""outlier_quantile"": [0.01, 0.99], ""smote_k_neighbors"": 5, ""smote_sampling_strategy"": ""auto"", ""random_state"": 42}",rf,self_training,1,f1,0.7168831168831169,5,random,"{""n_estimators"": 400, ""min_samples_leaf"": 1, ""max_features"": ""log2"", ""max_depth"": null}",13,Injection_Time;Filling_Time;Plasticizing_Time;Cycle_Time;Plasticizing_Position;Max_Screw_RPM;Max_Injection_Pressure;Max_Switch_Over_Pressure;Average_Back_Pressure;Barrel_Temperature_2;Barrel_Temperature_4;Barrel_Temperature_6;Hopper_Temperature,431,29707,185,715.1750960350037,0.972972972972973,0.7142857142857143,0.9090909090909092,0.8,0.7911445279866333,0.7197827606180521,170,1,4,10,processed2
20261003-044932-rg3-processed2-gnb-self_training-9dcf94,2026-10-03 11:45:48,rg3,none,corr+kbest,smote,none,True,True,"{""scaling"": null, ""feature_selection"": [""corr"", ""kbest""], ""imbalance"": ""smote"", ""drop_constant"": true, ""impute"": ""median"", ""outlier"": null, ""fit_on_unlabeled"": true, ""k_best"": 15, ""kbest_score"": ""f_classif"", ""corr_threshold"": 0.95, ""model_threshold"": ""median"", ""outlier_iqr_k"": 1.5, ""outlier_quantile"": [0.01, 0.99], ""smote_k_neighbors"": 5, ""smote_sampling_strategy"": ""auto"", ""random_state"": 42}",gnb,self_training,1,f1,0.1575379473476167,5,random,"{""var_smoothing"": 1e-07}",13,Injection_Time;Filling_Time;Plasticizing_Time;Cycle_Time;Plasticizing_Position;Max_Screw_RPM;Max_Injection_Pressure;Max_Switch_Over_Pressure;Average_Back_Pressure;Barrel_Temperature_2;Barrel_Temperature_4;Barrel_Temperature_6;Hopper_Temperature,431,29707,185,0.4975180625915527,0.1783783783783784,0.9285714285714286,0.0792682926829268,0.146067415730337,0.584795321637427,0.1011853213530122,20,151,1,13,processed2
20261003-105811-rg3-processed2-rf-self_training-198704,2026-10-03 11:50:49,rg3,none,corr+kbest,class_weight,none,True,True,"{""scaling"": null, ""feature_selection"": [""corr"", ""kbest""], ""imbalance"": ""class_weight"", ""drop_constant"": true, ""impute"": ""median"", ""outlier"": null, ""fit_on_unlabeled"": true, ""k_best"": 15, ""kbest_score"": ""f_classif"", ""corr_threshold"": 0.95, ""model_threshold"": ""median"", ""outlier_iqr_k"": 1.5, ""outlier_quantile"": [0.01, 0.99], ""smote_k_neighbors"": 5, ""smote_sampling_strategy"": ""auto"", ""random_state"": 42}",rf,self_training,1,f1,0.7490043290043291,5,random,"{""n_estimators"": 400, ""min_samples_leaf"": 1, ""max_features"": ""log2"", ""max_depth"": null}",13,Injection_Time;Filling_Time;Plasticizing_Time;Cycle_Time;Plasticizing_Position;Max_Screw_RPM;Max_Injection_Pressure;Max_Switch_Over_Pressure;Average_Back_Pressure;Barrel_Temperature_2;Barrel_Temperature_4;Barrel_Temperature_6;Hopper_Temperature,431,29707,185,556.3769960403442,0.9783783783783784,0.7142857142857143,1.0,0.8333333333333334,0.7748538011695907,0.73986328307894,171,0,4,10,processed2
20261003-105811-rg3-processed2-gnb-self_training-198704,2026-10-03 11:50:49,rg3,none,corr+kbest,class_weight,none,True,True,"{""scaling"": null, ""feature_selection"": [""corr"", ""kbest""], ""imbalance"": ""class_weight"", ""drop_constant"": true, ""impute"": ""median"", ""outlier"": null, ""fit_on_unlabeled"": true, ""k_best"": 15, ""kbest_score"": ""f_classif"", ""corr_threshold"": 0.95, ""model_threshold"": ""median"", ""outlier_iqr_k"": 1.5, ""outlier_quantile"": [0.01, 0.99], ""smote_k_neighbors"": 5, ""smote_sampling_strategy"": ""auto"", ""random_state"": 42}",gnb,self_training,1,f1,0.1494040583912465,5,random,"{""var_smoothing"": 1e-06}",13,Injection_Time;Filling_Time;Plasticizing_Time;Cycle_Time;Plasticizing_Position;Max_Screw_RPM;Max_Injection_Pressure;Max_Switch_Over_Pressure;Average_Back_Pressure;Barrel_Temperature_2;Barrel_Temperature_4;Barrel_Temperature_6;Hopper_Temperature,431,29707,185,0.3478868007659912,0.1081081081081081,1.0,0.0782122905027933,0.1450777202072538,0.5267335004177109,0.0841647402974556,6,165,0,14,processed2
20261003-105811-rg3-processed2-svc-self_training-9dcf94,2026-10-03 11:57:17,rg3,none,corr+kbest,smote,none,True,True,"{""scaling"": null, ""feature_selection"": [""corr"", ""kbest""], ""imbalance"": ""smote"", ""drop_constant"": true, ""impute"": ""median"", ""outlier"": null, ""fit_on_unlabeled"": true, ""k_best"": 15, ""kbest_score"": ""f_classif"", ""corr_threshold"": 0.95, ""model_threshold"": ""median"", ""outlier_iqr_k"": 1.5, ""outlier_quantile"": [0.01, 0.99], ""smote_k_neighbors"": 5, ""smote_sampling_strategy"": ""auto"", ""random_state"": 42}",svc,self_training,1,f1,0.5150311676627466,5,random,"{""kernel"": ""rbf"", ""gamma"": ""scale"", ""C"": 100}",13,Injection_Time;Filling_Time;Plasticizing_Time;Cycle_Time;Plasticizing_Position;Max_Screw_RPM;Max_Injection_Pressure;Max_Switch_Over_Pressure;Average_Back_Pressure;Barrel_Temperature_2;Barrel_Temperature_4;Barrel_Temperature_6;Hopper_Temperature,431,29707,185,387.6453649997711,0.8918918918918919,0.7142857142857143,0.38461538461538464,0.5,0.768170426065163,0.3387241619384476,155,16,4,10,processed2
